<?xml version="1.0"?>
<!--
/**
 * Copyright © Ulmod. All rights reserved.
 * See LICENSE.txt for license details.
 */
-->
<config xmlns:xsi="http://www.w3.org/2001/XMLSchema-instance" 
        xsi:noNamespaceSchemaLocation="urn:magento:framework:Module/etc/module.xsd">
    <module name="Ulmod_OrderComment" setup_version="2.0.1">
        <sequence>
            <module name="Magento_Sales" />
            <module name="Magento_Quote" />
            <module name="Magento_Store" />
            <module name="Magento_Backend" />			
        </sequence>
    </module>
</config>
