<?xml version="1.0"?>
<!--
/**
 * Copyright © Ulmod. All rights reserved.
 * See LICENSE.txt for license details.
 */
-->
<routes xmlns:xsi="http://www.w3.org/2001/XMLSchema-instance" 
        xsi:noNamespaceSchemaLocation="urn:magento:module:Magento_Webapi:etc/webapi.xsd">
    <!-- Managing checkout order comment -->
    <route url="/V1/guest-carts/:cartId/set-order-comment" method="PUT">
        <service class="Ulmod\OrderComment\Api\GuestOrderCommentManagementInterface" 
		          method="saveOrderComment"/>
        <resources>
            <resource ref="anonymous" />
        </resources>
    </route>
    <!-- Managing checkout order comment -->
    <route url="/V1/carts/mine/set-order-comment" method="PUT">
        <service class="Ulmod\OrderComment\Api\OrderCommentManagementInterface" 
		         method="saveOrderComment"/>
        <resources>
            <resource ref="self" />
        </resources>
        <data>
            <parameter name="cartId" force="true">%cart_id%</parameter>
        </data>
    </route>
</routes>