<?xml version="1.0"?>
<config xmlns:xsi="http://www.w3.org/2001/XMLSchema-instance" xsi:noNamespaceSchemaLocation="urn:magento:framework:ObjectManager/etc/config.xsd">
	<type name="Utp\PaymentGateway\Model\Gateway">
		<arguments>
			<argument name="model" xsi:type="object">Gateway</argument>
		</arguments>
	</type>
	<type name="\Magento\Framework\App\Config\ScopeConfigInterface">
		<arguments>
			<argument name="scopeConfig" xsi:type="object">ScopeConfigInterface</argument>
		</arguments>
	</type>
	<type name="\Magento\Framework\Message\ManagerInterface">
		<arguments>
			<argument name="messageManager" xsi:type="object">ManagerInterface</argument>
		</arguments>
	</type>
</config>