<?xml version="1.0"?>
<!--
/**
 * Copyright © Ulmod. All rights reserved.
 * See LICENSE.txt for license details.
 */
-->
<config xmlns:xsi="http://www.w3.org/2001/XMLSchema-instance" xsi:noNamespaceSchemaLocation="urn:magento:framework:ObjectManager/etc/config.xsd">
    <type name="Magento\Checkout\Model\CompositeConfigProvider">
        <arguments>
            <argument name="configProviders" xsi:type="array">
                <item name="ordercomments_config_provider" xsi:type="object">Ulmod\OrderComment\Model\OrderCommentConfig</item>
            </argument>
        </arguments>
    </type>
</config> 