<?xml version="1.0"?>
<!--
/**
 * Copyright © Magmodules.eu. All rights reserved.
 * See COPYING.txt for license details.
 */
-->
<include xmlns:xsi="http://www.w3.org/2001/XMLSchema-instance"
         xsi:noNamespaceSchemaLocation="urn:magento:module:Magento_Config:etc/system_include.xsd">
    <group id="general" translate="label" type="text" sortOrder="2" showInDefault="1" showInWebsite="1" showInStore="1">
        <label>General</label>
        <field id="version_button" translate="label" type="button" sortOrder="10" showInDefault="1" showInWebsite="1" showInStore="1">
            <label>Version</label>
            <frontend_model>Magmodules\GoogleShopping\Block\Adminhtml\System\Config\Button\VersionCheck</frontend_model>
        </field>
        <field id="enable" translate="label" type="select" sortOrder="20" showInDefault="1" showInWebsite="0" showInStore="0">
            <label>Enable</label>
            <source_model>Magento\Config\Model\Config\Source\Yesno</source_model>
        </field>
    </group>
</include>