<?xml version="1.0"?>
<!--
/**
 * @author Amasty Team
 * @copyright Copyright (c) Amasty (https://www.amasty.com)
 * @package Request a Quote Base for Magento 2
 */-->
<config xmlns:xsi="http://www.w3.org/2001/XMLSchema-instance"
        xsi:noNamespaceSchemaLocation="urn:magento:framework:ObjectManager/etc/config.xsd">
    <type name="Magento\Customer\Block\Adminhtml\Sales\Order\Address\Form\Renderer\Vat">
        <plugin name="Amasty_Request::replace-validation"
                type="Amasty\RequestQuote\Plugin\Customer\Block\Adminhtml\Vat\ReplaceValidationPlugin" />
    </type>

    <type name="Magento\Quote\Model\Quote\Item">
        <plugin name="Amasty_Request::convert-custom-price"
                type="Amasty\RequestQuote\Plugin\Quote\Model\Quote\Item\Backend" />
    </type>

    <type name="Magento\Sales\Block\Adminhtml\Order\Create\Sidebar\Cart">
        <plugin name="Amasty_Request::fixAdminCartSidebar"
                type="Amasty\RequestQuote\Plugin\Sales\Block\Adminhtml\Order\Create\Sidebar\Cart" />
    </type>

    <type name="Magento\Sales\Block\Adminhtml\Order\Create\Items\Grid">
        <plugin name="Amasty_Request::convert-custom-price-order-convert"
                type="Amasty\RequestQuote\Plugin\Sales\Block\Adminhtml\Order\Create\Items\Grid" />
    </type>

    <type name="Magento\Quote\Model\Quote\Item\Updater">
        <plugin name="Amasty_Request::convert-custom-price-in-order-update"
                type="Amasty\RequestQuote\Plugin\Quote\Model\Quote\Item\Updater" />
    </type>

    <!-- add quote add button to order view page -->
    <type name="Magento\Sales\Block\Adminhtml\Order\View">
        <plugin name="Amasty_Request::add-quote-button"
                type="Amasty\RequestQuote\Plugin\Sales\Block\Adminhtml\Order\ViewPlugin" />
    </type>
    <!-- add quote add button to actions in order grid page -->
    <type name="Magento\Sales\Ui\Component\Listing\Column\ViewAction">
        <plugin name="Amasty_Request::add-quote-button-listing"
                type="Amasty\RequestQuote\Plugin\Sales\Ui\Component\Listing\Column\ViewActionPlugin" />
    </type>

    <type name="Magento\CustomerCustomAttributes\Helper\Data">
        <plugin name="Amasty_Request::add-quote-cart-form"
                type="Amasty\RequestQuote\Plugin\CustomerCustomAttributes\Helper\DataPlugin" />
    </type>

    <!-- change model only for admin area -->
    <preference for="Amasty\RequestQuote\Model\Quote\Carrier\Custom" type="Amasty\RequestQuote\Model\Quote\Backend\Carrier\Custom" />

    <type name="Amasty\RequestQuote\Block\Adminhtml\Quote\Totals">
        <plugin name="addInitialFeeTotal" disabled="true" />
    </type>

    <type name="Magento\Quote\Model\ResourceModel\Quote\Item\Collection">
        <plugin name="Amasty_Request::RestrictProcessNotApproved"
                type="Amasty\RequestQuote\Plugin\Quote\Model\ResourceModel\Quote\Item\Collection\Backend\RestrictProcessNotApproved" />
    </type>
</config>
