<?xml version="1.0"?>
<config xmlns:xsi="http://www.w3.org/2001/XMLSchema-instance" xsi:noNamespaceSchemaLocation="urn:magento:framework:Event/etc/events.xsd">
    <event name="sales_order_place_after">
        <observer name="weltpixel_ga4_after_order_placed" instance="WeltPixel\GA4\Observer\ServerSide\Events\PurchaseObserver" />
    </event>
    <event name="sales_order_creditmemo_refund">
        <observer name="weltpixel_ga4_creditmemo_refund" instance="WeltPixel\GA4\Observer\ServerSide\Events\RefundObserver" />
    </event>
    <event name="customer_save_after_data_object">
        <observer name="weltpixel_ga4_signup_event" instance="WeltPixel\GA4\Observer\ServerSide\Events\SignupObserver" />
    </event>
    <event name="customer_login">
        <observer name="weltpixel_ga4_login_event" instance="WeltPixel\GA4\Observer\ServerSide\Events\LoginObserver" />
    </event>
    <event name="checkout_cart_add_product_complete">
        <observer name="weltpixel_ga4_add_to_cart" instance="WeltPixel\GA4\Observer\ServerSide\Events\AddToCartObserver" />
    </event>
    <event name="sales_quote_remove_item">
        <observer name="weltpixel_ga4_remove_from_cart" instance="WeltPixel\GA4\Observer\ServerSide\Events\RemoveFromCartObserver" />
    </event>
    <event name="wishlist_add_product">
        <observer name="weltpixel_ga4_add_to_wishlist" instance="WeltPixel\GA4\Observer\ServerSide\Events\AddToWishlistObserver" />
    </event>
    <event name="sales_model_service_quote_submit_before">
        <observer name="weltpixel_ga4_quote_add_ga_value" instance="WeltPixel\GA4\Observer\ServerSide\AddGaCookieValueToQuoteAndOrderObserver" />
    </event>
    <event name="checkout_cart_update_items_before">
        <observer name="weltpixel_cart_update_items_before" instance="WeltPixel\GA4\Observer\CartUpdateItemsBefore" />
    </event>
    <event name="checkout_cart_update_items_after">
        <observer name="weltpixel_cart_update_items_after" instance="WeltPixel\GA4\Observer\CartUpdateItemsAfter" />
        <observer name="weltpixel_cart_update_items_after_metapixel" instance="WeltPixel\GA4\Observer\MetaPixel\CartUpdateItemsAfter" />
    </event>
    <event name="checkout_cart_update_item_complete">
        <observer name="weltpixel_cart_update_itemoptions_after" instance="WeltPixel\GA4\Observer\CartUpdateItemOptionsAfter" />
        <observer name="weltpixel_cart_update_itemoptions_after_metapixel" instance="WeltPixel\GA4\Observer\MetaPixel\CartUpdateItemOptionsAfter" />
    </event>
    <event name="checkout_cart_product_add_before">
        <observer name="weltpixel_ga4_cart_product_add_before" instance="WeltPixel\GA4\Observer\AddToCartBeforeObserver" />
    </event>
</config>
