<?xml version="1.0"?>
<config xmlns:xsi="http://www.w3.org/2001/XMLSchema-instance" xsi:noNamespaceSchemaLocation="urn:magento:module:Magento_Config:etc/system_file.xsd">
    <system>
        <section id="weltpixel_ga4" translate="label" type="text" sortOrder="201" showInDefault="1" showInWebsite="1" showInStore="1">
            <label>Google Analytics 4 Ecommerce Pro</label>
            <tab>weltpixel</tab>
            <resource>WeltPixel_GA4::GA4Settings</resource>
            <group id="module_information" translate="label" type="text" sortOrder="1" showInDefault="1" showInWebsite="1" showInStore="1">
                <label>Important Note</label>
                <attribute type="expanded">1</attribute>
                <fieldset_css>weltpixel-ga4-header active</fieldset_css>
                <field id="important_note" translate="label" type="text" sortOrder="0" showInDefault="1" showInWebsite="1" showInStore="1">
                    <frontend_model>WeltPixel\GA4\Block\Adminhtml\System\Config\ImportantNote</frontend_model>
                </field>
            </group>
            <group id="general" translate="label" type="text" sortOrder="10" showInDefault="1" showInWebsite="1" showInStore="1">
                <label>General Configuration</label>
                <field id="enable" translate="label" type="select" sortOrder="0" showInDefault="1" showInWebsite="1" showInStore="1">
                    <label>Enable GA4</label>
                    <source_model>Magento\Config\Model\Config\Source\Yesno</source_model>
                </field>
                <field id="gtm_code" translate="label" type="textarea" sortOrder="20" showInDefault="1" showInWebsite="1" showInStore="1">
                    <label>Google Tag Manager Javascript Code</label>
                    <depends>
                        <field id="enable">1</field>
                    </depends>
                </field>
                <field id="gtm_nonjs_code" translate="label" type="textarea" sortOrder="25" showInDefault="1" showInWebsite="1" showInStore="1">
                    <label>Google Tag Manager Non-Js Code</label>
                    <depends>
                        <field id="enable">1</field>
                    </depends>
                </field>
                <field id="impression_chunk_size" translate="label" type="text" sortOrder="35" showInDefault="1" showInWebsite="1" showInStore="1">
                    <label>Impression Chunks Size</label>
                    <depends>
                        <field id="enable">1</field>
                    </depends>
                    <validate>required number</validate>
                    <comment>The impressions will be sent in separate chunks limited to this number.</comment>
                </field>
                <field id="id_selection" translate="label" type="select" sortOrder="40" showInDefault="1" showInWebsite="1" showInStore="1">
                    <label>Product Identifier</label>
                    <source_model>WeltPixel\GA4\Model\Config\Source\Id</source_model>
                    <depends>
                        <field id="enable">1</field>
                    </depends>
                </field>
                <field id="enable_brand" translate="label" type="select" sortOrder="50" showInDefault="1" showInWebsite="1" showInStore="1">
                    <label>Enable Brand</label>
                    <source_model>Magento\Config\Model\Config\Source\Yesno</source_model>
                    <depends>
                        <field id="enable">1</field>
                    </depends>
                </field>
                <field id="brand_attribute" translate="label" type="select" sortOrder="60" showInDefault="1" showInWebsite="1" showInStore="1">
                    <label>Brand Attribute</label>
                    <comment>Only attributes with Used in Product Listing set to Yes are available here.</comment>
                    <source_model>WeltPixel\GA4\Model\Config\Source\AttributeCollection</source_model>
                    <depends>
                        <field id="enable_brand">1</field>
                        <field id="enable">1</field>
                    </depends>
                </field>
                <field id="enable_variant" translate="label" type="select" sortOrder="63" showInDefault="1" showInWebsite="1" showInStore="1">
                    <label>Enable Variant</label>
                    <source_model>Magento\Config\Model\Config\Source\Yesno</source_model>
                    <depends>
                        <field id="enable">1</field>
                    </depends>
                </field>
                <field id="order_total_calculation" translate="label" type="select" sortOrder="65" showInDefault="1" showInWebsite="1" showInStore="1">
                    <label>Order Success Page Total Calculation</label>
                    <source_model>WeltPixel\GA4\Model\Config\Source\OrderTotalCalculation</source_model>
                    <depends>
                        <field id="enable">1</field>
                    </depends>
                </field>
                <field id="exclude_tax_from_transaction" translate="label comment" type="select" sortOrder="66" showInDefault="1" showInWebsite="1" showInStore="1">
                    <label>Exclude Tax From Transaction</label>
                    <source_model>Magento\Config\Model\Config\Source\Yesno</source_model>
                    <depends>
                        <field id="enable">1</field>
                        <field id="order_total_calculation">grandtotal</field>
                    </depends>
                    <comment>Tax will be deduced from Grand Total</comment>
                </field>
                <field id="exclude_shipping_from_transaction" translate="label comment" type="select" sortOrder="67" showInDefault="1" showInWebsite="1" showInStore="1">
                    <label>Exclude Shipping From Transaction</label>
                    <source_model>Magento\Config\Model\Config\Source\Yesno</source_model>
                    <depends>
                        <field id="enable">1</field>
                        <field id="order_total_calculation">grandtotal</field>
                    </depends>
                    <comment>Shipping charges will deduced from Grand Total</comment>
                </field>
                <field id="exclude_shipping_from_transaction_including_tax" translate="label comment" type="select" sortOrder="68" showInDefault="1" showInWebsite="1" showInStore="1">
                    <label>Exclude Shipping Including Tax</label>
                    <source_model>Magento\Config\Model\Config\Source\Yesno</source_model>
                    <depends>
                        <field id="enable">1</field>
                        <field id="order_total_calculation">grandtotal</field>
                        <field id="exclude_shipping_from_transaction">1</field>
                    </depends>
                </field>
                <field id="exclude_free_purchase" translate="label comment" type="select" sortOrder="68" showInDefault="1" showInWebsite="1" showInStore="1">
                    <label>Exclude Orders with 0 value</label>
                    <source_model>Magento\Config\Model\Config\Source\Yesno</source_model>
                    <depends>
                        <field id="enable">1</field>
                    </depends>
                    <comment>Orders with value 0.00 can be excluded from purchase transactions if you set this option to Yes</comment>
                </field>
                <field id="checkout_page_paths" translate="label comment" type="textarea" sortOrder="69" showInDefault="1" showInWebsite="1" showInStore="1">
                    <label>Checkout Page Paths</label>
                    <depends>
                        <field id="enable">1</field>
                    </depends>
                    <comment>
                        <![CDATA[If you are using custom checkout, and the checkout page path is different from the default magento path: 'checkout/index/index', you can list it here to make sure the Transaction data is sent to GTM.
                        <br/> If you have different checkout pages you can separate them with ",". <br/> Ex: checkout/onestepcheckout/index, checkout/mycustomcheckout/index
                        <br/> Also * can be used as generic placeholder. <br/> Ex: checkout/customcheckout/*
                        ]]>
                    </comment>
                </field>
                <field id="success_page_paths" translate="label comment" type="textarea" sortOrder="69" showInDefault="1" showInWebsite="1" showInStore="1">
                    <label>Success Page Paths</label>
                    <depends>
                        <field id="enable">1</field>
                    </depends>
                    <comment>
                        <![CDATA[If you are using custom checkout, and the success page path is different from the default magento path: 'checkout/onepage/success', you can list it here to make sure the Transaction data is sent to GTM.
                        <br/> If you have different success pages you can separate them with ",". <br/> Ex: checkout/onestepcheckout/success, checkout/mycustomcheckout/success
                        <br/> Also * can be used as generic placeholder. <br/> Ex: checkout/customcheckout/*
                        ]]>
                    </comment>
                </field>
                <field id="product_click_tracking" translate="label" type="select" sortOrder="70" showInDefault="1" showInWebsite="1" showInStore="1">
                    <label>Measure Product Clicks</label>
                    <source_model>Magento\Config\Model\Config\Source\Yesno</source_model>
                    <comment><![CDATA[This option allows ‘Product Click’ tracking on Category Page , Search results page and Related/Cross-sell/Up-sell product grids. <br/>
If Product Click Tracking is enabled this option rewrites Magento_Catalog::product/list.phtml and Magento_Catalog::product/list/list.phtml. <br/> If you are using a custom theme/extension already re-writing this templates check here how you can make the necessary compatibility adjustments: <br/> <a target="_blank" href="https://support.weltpixel.com/hc/en-us/articles/115006195028-How-to-solve-compatibility-issues-Google-Tag-Manager-Enhanced-Ecommerce">How to solve GTM compatibility issues</a>]]></comment>
                    <depends>
                        <field id="enable">1</field>
                    </depends>
                </field>
                <field id="promotion_tracking" translate="label" type="select" sortOrder="71" showInDefault="1" showInWebsite="1" showInStore="1">
                    <label>Promotion Tracking</label>
                    <source_model>Magento\Config\Model\Config\Source\Yesno</source_model>
                    <comment><![CDATA[<b>Example of usage:</b> &#60;a href="#" data-track-promo-id="PROMOID" data-track-promo-name="PROMONAME" data-track-promo-creative="PROMOCREATIVE" data-track-promo-position="PROMOPOSITION" &#62;Content&#60;/a&#62;]]></comment>
                    <depends>
                        <field id="enable">1</field>
                    </depends>
                </field>
                <field id="persistentlayer_expiry" translate="label comment" type="text" sortOrder="72" showInDefault="1" showInWebsite="1" showInStore="1">
                    <label>Persistent datalayer expiry time</label>
                    <depends>
                        <field id="enable">1</field>
                    </depends>
                    <validate>required number</validate>
                    <comment>The specified value represents minutes.</comment>
                </field>
                <field id="parent_vs_child" translate="label comment" type="select" sortOrder="105" showInDefault="1" showInWebsite="1" showInStore="1">
                    <label>Child vs Parent</label>
                    <source_model>WeltPixel\GA4\Model\Config\Source\ParentVsChild</source_model>
                    <depends>
                        <field id="enable">1</field>
                    </depends>
                    <comment>Send Parent Id or Child id cart, add to cart, remove from cart, checkout and thank you page</comment>
                </field>
                <field id="secure_cookies" translate="label comment" type="select" sortOrder="107" showInDefault="1" showInWebsite="1" showInStore="1">
                    <label>Use Secure Cookies</label>
                    <source_model>Magento\Config\Model\Config\Source\Yesno</source_model>
                    <depends>
                        <field id="enable">1</field>
                    </depends>
                    <comment>Send the cookies as secure ones. Should only be used if your whole site is on HTTPS.</comment>
                </field>
                <field id="separator_user_dimensions" translate="button_label" type="text" sortOrder="109" showInDefault="1" showInWebsite="1" showInStore="1">
                    <frontend_model>WeltPixel\GA4\Block\Adminhtml\System\Config\SeparatorElement</frontend_model>
                    <button_label>User Scoped Custom Dimensions</button_label>
                    <depends>
                        <field id="enable">1</field>
                    </depends>
                </field>
                <field id="custom_dimension_customerid" translate="label" type="select" sortOrder="110" showInDefault="1" showInWebsite="1" showInStore="1">
                    <label>Track Custom Dimension - Customer ID</label>
                    <source_model>Magento\Config\Model\Config\Source\Yesno</source_model>
                    <depends>
                        <field id="enable">1</field>
                    </depends>
                </field>
                <field id="custom_dimension_customergroup" translate="label" type="select" sortOrder="120" showInDefault="1" showInWebsite="1" showInStore="1">
                    <label>Track Custom Dimension - Customer Group</label>
                    <source_model>Magento\Config\Model\Config\Source\Yesno</source_model>
                    <depends>
                        <field id="enable">1</field>
                    </depends>
                </field>
                <field id="separator_hitscoped_dimensions" translate="button_label" type="text" sortOrder="169" showInDefault="1" showInWebsite="1" showInStore="1">
                    <frontend_model>WeltPixel\GA4\Block\Adminhtml\System\Config\SeparatorElement</frontend_model>
                    <button_label>Hit Scoped Custom Dimensions</button_label>
                    <depends>
                        <field id="enable">1</field>
                    </depends>
                </field>
                <field id="custom_dimension_pagename" translate="label" type="select" sortOrder="170" showInDefault="1" showInWebsite="1" showInStore="1">
                    <label>Track Custom Dimension - Page Name</label>
                    <source_model>Magento\Config\Model\Config\Source\Yesno</source_model>
                    <depends>
                        <field id="enable">1</field>
                    </depends>
                </field>
                <field id="custom_dimension_pagetype" translate="label" type="select" sortOrder="180" showInDefault="1" showInWebsite="1" showInStore="1">
                    <label>Track Custom Dimension - Page Type</label>
                    <source_model>Magento\Config\Model\Config\Source\Yesno</source_model>
                    <depends>
                        <field id="enable">1</field>
                    </depends>
                </field>
                <field id="separator_product_dimensions" translate="button_label" type="text" sortOrder="198" showInDefault="1" showInWebsite="1" showInStore="1">
                    <frontend_model>WeltPixel\GA4\Block\Adminhtml\System\Config\SeparatorElement</frontend_model>
                    <button_label>Product Scoped Custom Dimensions</button_label>
                    <depends>
                        <field id="enable">1</field>
                    </depends>
                </field>
                <field id="separator_stock_status" translate="label" type="text" sortOrder="199" showInDefault="1" showInWebsite="1" showInStore="1">
                    <frontend_model>WeltPixel\GA4\Block\Adminhtml\System\Config\DimensionSeparator</frontend_model>
                    <depends>
                        <field id="enable">1</field>
                    </depends>
                </field>
                <field id="track_stockstatus" translate="label comment" type="select" sortOrder="200" showInDefault="1" showInWebsite="1" showInStore="1">
                    <label>Track Stock Status (in stock/out of stock)</label>
                    <source_model>Magento\Config\Model\Config\Source\Yesno</source_model>
                    <depends>
                        <field id="enable">1</field>
                    </depends>
                </field>
                <field id="separator_reviews_count" translate="label" type="text" sortOrder="209" showInDefault="1" showInWebsite="1" showInStore="1">
                    <frontend_model>WeltPixel\GA4\Block\Adminhtml\System\Config\DimensionSeparator</frontend_model>
                    <depends>
                        <field id="enable">1</field>
                    </depends>
                </field>
                <field id="track_reviewscount" translate="label" type="select" sortOrder="210" showInDefault="1" showInWebsite="1" showInStore="1">
                    <label>Track Reviews Count</label>
                    <source_model>Magento\Config\Model\Config\Source\Yesno</source_model>
                    <depends>
                        <field id="enable">1</field>
                    </depends>
                </field>
                <field id="separator_reviews_score" translate="label" type="text" sortOrder="219" showInDefault="1" showInWebsite="1" showInStore="1">
                    <frontend_model>WeltPixel\GA4\Block\Adminhtml\System\Config\DimensionSeparator</frontend_model>
                    <depends>
                        <field id="enable">1</field>
                    </depends>
                </field>
                <field id="track_reviewsscore" translate="label" type="select" sortOrder="220" showInDefault="1" showInWebsite="1" showInStore="1">
                    <label>Track Reviews Score</label>
                    <source_model>Magento\Config\Model\Config\Source\Yesno</source_model>
                    <depends>
                        <field id="enable">1</field>
                    </depends>
                </field>
                <field id="separator_sale_product" translate="label" type="text" sortOrder="229" showInDefault="1" showInWebsite="1" showInStore="1">
                    <frontend_model>WeltPixel\GA4\Block\Adminhtml\System\Config\DimensionSeparator</frontend_model>
                    <depends>
                        <field id="enable">1</field>
                    </depends>
                </field>
                <field id="track_saleproduct" translate="label comment" type="select" sortOrder="230" showInDefault="1" showInWebsite="1" showInStore="1">
                    <label>Track Sale Product</label>
                    <source_model>Magento\Config\Model\Config\Source\Yesno</source_model>
                    <depends>
                        <field id="enable">1</field>
                    </depends>
                    <comment>Magento's Sale Product Attribute value is used here</comment>
                </field>

                <field id="separator_product_attribute_custom_dimensions" translate="button_label" type="text" sortOrder="300" showInDefault="1" showInWebsite="1" showInStore="1">
                    <frontend_model>WeltPixel\GA4\Block\Adminhtml\System\Config\SeparatorElement</frontend_model>
                    <button_label>Custom Attribute as Custom Dimension</button_label>
                    <depends>
                        <field id="enable">1</field>
                    </depends>
                </field>
                <field id="separator_custom_attribute_1" translate="label" type="text" sortOrder="310" showInDefault="1" showInWebsite="1" showInStore="1">
                    <frontend_model>WeltPixel\GA4\Block\Adminhtml\System\Config\DimensionSeparator</frontend_model>
                    <depends>
                        <field id="enable">1</field>
                    </depends>
                </field>
                <field id="track_custom_attribute_1" translate="label" type="select" sortOrder="315" showInDefault="1" showInWebsite="1" showInStore="1">
                    <label>Track Custom Attribute 1</label>
                    <source_model>Magento\Config\Model\Config\Source\Yesno</source_model>
                    <depends>
                        <field id="enable">1</field>
                    </depends>
                </field>
                <field id="track_custom_attribute_1_name" translate="label" type="text" sortOrder="316" showInDefault="1" showInWebsite="1" showInStore="1">
                    <label>Attribute 1 Name</label>
                    <depends>
                        <field id="enable">1</field>
                        <field id="track_custom_attribute_1">1</field>
                    </depends>
                    <validate>validate-data</validate>
                </field>
                <field id="track_custom_attribute_1_code" translate="label" type="select" sortOrder="317" showInDefault="1" showInWebsite="1" showInStore="1">
                    <label>Attribute 1</label>
                    <comment>Only attributes with Used in Product Listing set to Yes are available here.</comment>
                    <source_model>WeltPixel\GA4\Model\Config\Source\AttributeCollection</source_model>
                    <depends>
                        <field id="enable">1</field>
                        <field id="track_custom_attribute_1">1</field>
                    </depends>
                </field>
                <field id="separator_custom_attribute_2" translate="label" type="text" sortOrder="330" showInDefault="1" showInWebsite="1" showInStore="1">
                    <frontend_model>WeltPixel\GA4\Block\Adminhtml\System\Config\DimensionSeparator</frontend_model>
                    <depends>
                        <field id="enable">1</field>
                    </depends>
                </field>
                <field id="track_custom_attribute_2" translate="label" type="select" sortOrder="335" showInDefault="1" showInWebsite="1" showInStore="1">
                    <label>Track Custom Attribute 2</label>
                    <source_model>Magento\Config\Model\Config\Source\Yesno</source_model>
                    <depends>
                        <field id="enable">1</field>
                    </depends>
                </field>
                <field id="track_custom_attribute_2_name" translate="label" type="text" sortOrder="337" showInDefault="1" showInWebsite="1" showInStore="1">
                    <label>Attribute 2 Name</label>
                    <depends>
                        <field id="enable">1</field>
                        <field id="track_custom_attribute_2">1</field>
                    </depends>
                    <validate>validate-data</validate>
                </field>
                <field id="track_custom_attribute_2_code" translate="label" type="select" sortOrder="338" showInDefault="1" showInWebsite="1" showInStore="1">
                    <label>Attribute 2</label>
                    <comment>Only attributes with Used in Product Listing set to Yes are available here.</comment>
                    <source_model>WeltPixel\GA4\Model\Config\Source\AttributeCollection</source_model>
                    <depends>
                        <field id="enable">1</field>
                        <field id="track_custom_attribute_2">1</field>
                    </depends>
                </field>
                <field id="separator_custom_attribute_3" translate="label" type="text" sortOrder="348" showInDefault="1" showInWebsite="1" showInStore="1">
                    <frontend_model>WeltPixel\GA4\Block\Adminhtml\System\Config\DimensionSeparator</frontend_model>
                    <depends>
                        <field id="enable">1</field>
                    </depends>
                </field>
                <field id="track_custom_attribute_3" translate="label" type="select" sortOrder="350" showInDefault="1" showInWebsite="1" showInStore="1">
                    <label>Track Custom Attribute 3</label>
                    <source_model>Magento\Config\Model\Config\Source\Yesno</source_model>
                    <depends>
                        <field id="enable">1</field>
                    </depends>
                </field>
                <field id="track_custom_attribute_3_name" translate="label" type="text" sortOrder="354" showInDefault="1" showInWebsite="1" showInStore="1">
                    <label>Attribute 3 Name</label>
                    <depends>
                        <field id="enable">1</field>
                        <field id="track_custom_attribute_3">1</field>
                    </depends>
                    <validate>validate-data</validate>
                </field>
                <field id="track_custom_attribute_3_code" translate="label" type="select" sortOrder="355" showInDefault="1" showInWebsite="1" showInStore="1">
                    <label>Attribute 3</label>
                    <comment>Only attributes with Used in Product Listing set to Yes are available here.</comment>
                    <source_model>WeltPixel\GA4\Model\Config\Source\AttributeCollection</source_model>
                    <depends>
                        <field id="enable">1</field>
                        <field id="track_custom_attribute_3">1</field>
                    </depends>
                </field>
                <field id="separator_custom_attribute_4" translate="label" type="text" sortOrder="368" showInDefault="1" showInWebsite="1" showInStore="1">
                    <frontend_model>WeltPixel\GA4\Block\Adminhtml\System\Config\DimensionSeparator</frontend_model>
                    <depends>
                        <field id="enable">1</field>
                    </depends>
                </field>
                <field id="track_custom_attribute_4" translate="label" type="select" sortOrder="370" showInDefault="1" showInWebsite="1" showInStore="1">
                    <label>Track Custom Attribute 4</label>
                    <source_model>Magento\Config\Model\Config\Source\Yesno</source_model>
                    <depends>
                        <field id="enable">1</field>
                    </depends>
                </field>
                <field id="track_custom_attribute_4_name" translate="label" type="text" sortOrder="374" showInDefault="1" showInWebsite="1" showInStore="1">
                    <label>Attribute 4 Name</label>
                    <depends>
                        <field id="enable">1</field>
                        <field id="track_custom_attribute_4">1</field>
                    </depends>
                    <validate>validate-data</validate>
                </field>
                <field id="track_custom_attribute_4_code" translate="label" type="select" sortOrder="375" showInDefault="1" showInWebsite="1" showInStore="1">
                    <label>Attribute 4</label>
                    <comment>Only attributes with Used in Product Listing set to Yes are available here.</comment>
                    <source_model>WeltPixel\GA4\Model\Config\Source\AttributeCollection</source_model>
                    <depends>
                        <field id="enable">1</field>
                        <field id="track_custom_attribute_4">1</field>
                    </depends>
                </field>
                <field id="separator_custom_attribute_5" translate="label" type="text" sortOrder="388" showInDefault="1" showInWebsite="1" showInStore="1">
                    <frontend_model>WeltPixel\GA4\Block\Adminhtml\System\Config\DimensionSeparator</frontend_model>
                    <depends>
                        <field id="enable">1</field>
                    </depends>
                </field>
                <field id="track_custom_attribute_5" translate="label" type="select" sortOrder="390" showInDefault="1" showInWebsite="1" showInStore="1">
                    <label>Track Custom Attribute 5</label>
                    <source_model>Magento\Config\Model\Config\Source\Yesno</source_model>
                    <depends>
                        <field id="enable">1</field>
                    </depends>
                </field>
                <field id="track_custom_attribute_5_name" translate="label" type="text" sortOrder="393" showInDefault="1" showInWebsite="1" showInStore="1">
                    <label>Attribute 5 Name</label>
                    <depends>
                        <field id="enable">1</field>
                        <field id="track_custom_attribute_5">1</field>
                    </depends>
                    <validate>validate-data</validate>
                </field>
                <field id="track_custom_attribute_5_code" translate="label" type="select" sortOrder="395" showInDefault="1" showInWebsite="1" showInStore="1">
                    <label>Attribute 5</label>
                    <comment>Only attributes with Used in Product Listing set to Yes are available here.</comment>
                    <source_model>WeltPixel\GA4\Model\Config\Source\AttributeCollection</source_model>
                    <depends>
                        <field id="enable">1</field>
                        <field id="track_custom_attribute_5">1</field>
                    </depends>
                </field>
            </group>
            <group id="api" translate="label" type="text" sortOrder="20" showInDefault="1" showInWebsite="1" showInStore="1">
                <label>GTM API Configuration</label>
                <field id="account_id" translate="label" type="text" sortOrder="0" showInDefault="1" showInWebsite="1" showInStore="1">
                    <label>Account ID</label>
                    <validate>required</validate>
                    <comment><![CDATA[<b>Ex:</b> 600354931. Check usage <a target="_blank" href="http://oauth.weltpixel.com/demo-image.png">here</a>]]></comment>
                </field>
                <field id="container_id" translate="label" type="text" sortOrder="20" showInDefault="1" showInWebsite="1" showInStore="1">
                    <label>Container ID</label>
                    <validate>required</validate>
                    <comment><![CDATA[<b>Ex:</b> 2293419. Check usage <a target="_blank" href="http://oauth.weltpixel.com/demo-image.png">here</a>]]></comment>
                </field>
                <field id="measurement_id" translate="label" type="text" sortOrder="30" showInDefault="1" showInWebsite="1" showInStore="1">
                    <label>Measurement ID</label>
                    <validate>required</validate>
                    <comment><![CDATA[<b>Ex:</b> G-123456789 ]]></comment>
                </field>
            </group>
            <group id="adwords_conversion_tracking" translate="label" type="text" sortOrder="30" showInDefault="1" showInWebsite="1" showInStore="1">
                <label>Google Ads conversion tracking</label>
                <field id="enable" translate="label" type="select" sortOrder="0" showInDefault="1" showInWebsite="1" showInStore="1">
                    <label>Enable</label>
                    <source_model>Magento\Config\Model\Config\Source\Yesno</source_model>
                </field>
                <field id="google_conversion_id" translate="label" type="text" sortOrder="10" showInDefault="1" showInWebsite="1" showInStore="1">
                    <label>Google Conversion Id</label>
                    <validate>required</validate>
                    <depends>
                        <field id="enable">1</field>
                    </depends>
                    <comment><![CDATA[<b>Ex:</b> 12324325 ]]></comment>
                </field>
                <field id="google_conversion_label" translate="label" type="text" sortOrder="20" showInDefault="1" showInWebsite="1" showInStore="1">
                    <label>Google Conversion Label</label>
                    <validate>required</validate>
                    <depends>
                        <field id="enable">1</field>
                    </depends>
                    <comment><![CDATA[<b>Ex:</b> Label value ]]></comment>
                </field>
                <field id="google_conversion_currency_code" translate="label" type="text" sortOrder="30" showInDefault="1" showInWebsite="1" showInStore="1">
                    <label>Google Conversion Currency Code</label>
                    <validate>required</validate>
                    <depends>
                        <field id="enable">1</field>
                    </depends>
                    <comment><![CDATA[<b>Ex:</b> usd ]]></comment>
                </field>
                <field id="exclude_free_purchase" translate="label comment" type="select" sortOrder="40" showInDefault="1" showInWebsite="1" showInStore="1">
                    <label>Exclude Orders with 0 value</label>
                    <source_model>Magento\Config\Model\Config\Source\Yesno</source_model>
                    <depends>
                        <field id="enable">1</field>
                    </depends>
                    <comment>Orders with value 0.00 can be excluded from conversion tracking if you set this option to Yes</comment>
                </field>
            </group>
            <group id="adwords_remarketing" translate="label" type="text" sortOrder="40" showInDefault="1" showInWebsite="1" showInStore="1">
                <label>Google Ads Remarketing</label>
                <field id="enable" translate="label" type="select" sortOrder="0" showInDefault="1" showInWebsite="1" showInStore="1">
                    <label>Enable</label>
                    <source_model>Magento\Config\Model\Config\Source\Yesno</source_model>
                </field>
                <field id="conversion_code" translate="label" type="text" sortOrder="10" showInDefault="1" showInWebsite="1" showInStore="1">
                    <label>Conversion Code</label>
                    <validate>required</validate>
                    <depends>
                        <field id="enable">1</field>
                    </depends>
                </field>
                <field id="conversion_label" translate="label comment" type="text" sortOrder="20" showInDefault="1" showInWebsite="1" showInStore="1">
                    <label>Conversion Label</label>
                    <comment>You can leave the Conversion Label field blank if there is no google_conversion_label in the code box.</comment>
                    <depends>
                        <field id="enable">1</field>
                    </depends>
                </field>
                <field id="exclude_free_purchase" translate="label comment" type="select" sortOrder="40" showInDefault="1" showInWebsite="1" showInStore="1">
                    <label>Exclude Orders with 0 value</label>
                    <source_model>Magento\Config\Model\Config\Source\Yesno</source_model>
                    <depends>
                        <field id="enable">1</field>
                    </depends>
                    <comment>Orders with value 0.00 can be excluded from adwords remarketing if you set this option to Yes</comment>
                </field>
            </group>
            <group id="json_export" translate="label" type="text" sortOrder="50" showInDefault="1" showInWebsite="1" showInStore="1">
                <label>Json Export Options</label>
                <field id="public_id" translate="label" type="text" sortOrder="10" showInDefault="1" showInWebsite="1" showInStore="1">
                    <label>Public ID</label>
                    <comment>Ex: GTM-12XYZ21</comment>
                </field>
                <field id="api_container" translate="label" sortOrder="30" showInDefault="1" showInWebsite="1" showInStore="1">
                    <frontend_model>WeltPixel\GA4\Block\System\Config\Json\Export</frontend_model>
                    <depends>
                        <field id="enable">1</field>
                    </depends>
                </field>
            </group>
            <group id="serverside_measurement" translate="label" type="text" sortOrder="60" showInDefault="1" showInWebsite="1" showInStore="1">
                <label>Measurement Protocol Tracking Configuration</label>
                <field id="enable" translate="label" type="select" sortOrder="0" showInDefault="1" showInWebsite="1" showInStore="1">
                    <label>Enable Measurement Protocol Tracking Configuration</label>
                    <source_model>Magento\Config\Model\Config\Source\Yesno</source_model>
                </field>
                <field id="measurement_id" translate="label" type="text" sortOrder="10" showInDefault="1" showInWebsite="1" showInStore="1">
                    <label>Measurement ID</label>
                    <comment><![CDATA[<b>Ex: G-XCXCCXXC </b> <br/> Find this information in Google Analytics 4 -> Admin Settings -> Data Stream -> Open the desired Data Stream -> MEASUREMENT ID ]]></comment>
                    <depends>
                        <field id="enable">1</field>
                    </depends>
                </field>
                <field id="api_secret" translate="label" type="text" sortOrder="20" showInDefault="1" showInWebsite="1" showInStore="1">
                    <label>API Secret</label>
                    <comment><![CDATA[ Find this information in Google Analytics 4 -> Admin Settings -> Data Stream -> Open the desired Data Stream -> Measurement Protocol API secrets -> create a new API secret key and paste the value into this field ]]></comment>
                    <depends>
                        <field id="enable">1</field>
                    </depends>
                </field>
                <field id="events" translate="label" type="multiselect" sortOrder="30" showInDefault="1" showInWebsite="1" showInStore="1">
                    <label>Track Events</label>
                    <source_model>WeltPixel\GA4\Model\Config\Source\ServerSide\TrackingEvents</source_model>
                    <depends>
                        <field id="enable">1</field>
                    </depends>
                    <can_be_empty>1</can_be_empty>
                    <comment><![CDATA[ If you are using Client Side Tracking in conjunction with Measurement Protocol, make sure that you only track events on one side or another. <br/>
For example, by having the “purchase” tag enabled on client side as well as via measurement protocol, 1 transaction will be triggered twice and it will result in duplicate transactions. ]]></comment>
                </field>
                <field id="send_user_id"  translate="label" type="select" sortOrder="33" showInDefault="1" showInWebsite="1" showInStore="1">
                    <label>Send User-ID</label>
                    <source_model>WeltPixel\Backend\Model\Config\Source\Yesno</source_model>
                    <depends>
                        <field id="enable">1</field>
                    </depends>
                    <comment><![CDATA[Including the User ID allows for more granular and accurate connection of user counts and behavior across different sessions as well as various devices and platforms. <br/>To find out more about the differences between User ID and Client ID, check out this <a href="https://support.weltpixel.com/hc/en-us/articles/10467838638482-How-to-differentiate-between-Google-Analytics-4-Client-ID-and-User-ID-" target="_blank">article</a>.]]></comment>
                </field>
                <field id="disable_datalayer_events"  translate="label" type="select" sortOrder="35" showInDefault="1" showInWebsite="1" showInStore="1">
                    <label>Automatically disable data layer for enabled measurement protocol events</label>
                    <source_model>WeltPixel\Backend\Model\Config\Source\Yesno</source_model>
                    <depends>
                        <field id="enable">1</field>
                    </depends>
                    <comment><![CDATA[To avoid any chance of duplicate events to be sent, you must choose which event is sent via Measurement Protocol or via Data Layer. By enabling this option we automatically disable Data Layer for enabled Measurement protocol events, therefore even existing GTM tags will not fire because the data layer is not sent.]]></comment>
                </field>
                <field id="enable_file_log" translate="label" type="select" sortOrder="40" showInDefault="1" showInWebsite="1" showInStore="1">
                    <label>Enable File Log</label>
                    <source_model>Magento\Config\Model\Config\Source\Yesno</source_model>
                    <comment>Enable push data log in ga4.log file</comment>
                    <depends>
                        <field id="enable">1</field>
                    </depends>
                </field>
                <field id="enable_debug_collect" translate="label" type="select" sortOrder="50" showInDefault="1" showInWebsite="1" showInStore="1">
                    <label>Enable Debug Collect</label>
                    <source_model>Magento\Config\Model\Config\Source\Yesno</source_model>
                    <comment><![CDATA[Send debug_mode flag to Measurement Protocol Events and enable push of data to https://www.google-analytics.com/debug/mp/collect   and log in ga4-debug-collect.log]]></comment>
                    <depends>
                        <field id="enable">1</field>
                    </depends>
                </field>
            </group>
            <group id="meta_pixel_tracking" translate="label" type="text" sortOrder="79" showInDefault="1" showInWebsite="1" showInStore="1">
                <label>Meta Pixel Tracking Configuration</label>
                <field id="enable" translate="label" type="select" sortOrder="0" showInDefault="1" showInWebsite="1" showInStore="1">
                    <label>Enable Meta Pixel Tracking</label>
                    <source_model>Magento\Config\Model\Config\Source\Yesno</source_model>
                </field>
                <field id="code_snippet" translate="label" type="textarea" sortOrder="10" showInDefault="1" showInWebsite="1" showInStore="1">
                    <label>Meta Pixel Tracking Javascript Code</label>
                    <depends>
                        <field id="enable">1</field>
                    </depends>
                </field>
                <field id="events" translate="label" type="multiselect" sortOrder="30" showInDefault="1" showInWebsite="1" showInStore="1">
                    <label>Track Events</label>
                    <source_model>WeltPixel\GA4\Model\Config\Source\MetaPixel\TrackingEvents</source_model>
                    <depends>
                        <field id="enable">1</field>
                    </depends>
                    <can_be_empty>1</can_be_empty>
                </field>
            </group>
        </section>
    </system>
</config>
