<?xml version="1.0"?>
<!--
/**
 * MB "Vienas bitas" (Magetrend.com)
 *
 * PHP version 5.3 or later
 *
 * @category MageTrend
 * @package  Magetend/AbandonedCart
 * @author   Edvinas Stulpinas <edwin@magetrend.com>
 * @license  http://opensource.org/licenses/osl-3.0.php Open Software License (OSL 3.0)
 * @link     https://www.magetrend.com/magento-2-abandoned-cart
 */
 -->
<config xmlns:xsi="http://www.w3.org/2001/XMLSchema-instance" xsi:noNamespaceSchemaLocation="urn:magento:framework:Acl/etc/acl.xsd">
    <acl>
        <resources>
            <resource id="Magento_Backend::admin">
               <resource id="Magento_Sales::sales">
                    <resource id="Magetrend_AbandonedCart::abandoned_cart" title="Abandoned Cart">
                        <resource id="Magetrend_AbandonedCart::cart_rule_index" title="Cart Rules" sortOrder="20" />
                        <resource id="Magetrend_AbandonedCart::order_rule_index" title="Order Rules" sortOrder="30" />
                        <resource id="Magetrend_AbandonedCart::bar_rule_index" title="Bar Rules" sortOrder="40" />
                        <resource id="Magetrend_AbandonedCart::queue" title="Schedules" sortOrder="50" />
                    </resource>
                </resource>
                <resource id="Magento_Backend::stores">
                    <resource id="Magento_Backend::stores_settings">
                        <resource id="Magento_Config::config">
                            <resource id="Magetrend_AbandonedCart::config_general" title="Abandoned Cart Settings" />
                        </resource>
                    </resource>
                </resource>
            </resource>
        </resources>
    </acl>
</config>
