<?xml version="1.0"?>
<!--
/**
 * MB "Vienas bitas" (Magetrend.com)
 *
 * PHP version 5.3 or later
 *
 * @category MageTrend
 * @package  Magetend/AbandonedCart
 * @author   Edvinas Stulpinas <edwin@magetrend.com>
 * @license  http://opensource.org/licenses/osl-3.0.php Open Software License (OSL 3.0)
 * @link     https://www.magetrend.com/magento-2-abandoned-cart
 */
 -->
<config xmlns:xsi="http://www.w3.org/2001/XMLSchema-instance" xsi:noNamespaceSchemaLocation="urn:magento:module:Magento_Cron:etc/crontab.xsd">
    <group id="default">
        <job name="mtac_create" instance="Magetrend\AbandonedCart\Cron\Schedule" method="execute">
            <schedule>*/5 * * * *</schedule>
        </job>
        <job name="mtac_send" instance="Magetrend\AbandonedCart\Cron\Send" method="execute">
            <schedule>*/5 * * * *</schedule>
        </job>
    </group>
</config>