<?xml version="1.0"?>
<!--
/**
 * MB "Vienas bitas" (Magetrend.com)
 *
 * PHP version 5.3 or later
 *
 * @category MageTrend
 * @package  Magetend/AbandonedCart
 * @author   Edvinas Stulpinas <edwin@magetrend.com>
 * @license  http://opensource.org/licenses/osl-3.0.php Open Software License (OSL 3.0)
 * @link     https://www.magetrend.com/magento-2-abandoned-cart
 */
 -->
<config xmlns:xsi="http://www.w3.org/2001/XMLSchema-instance" xsi:noNamespaceSchemaLocation="../../../../../lib/internal/Magento/Framework/ObjectManager/etc/config.xsd">
    <type name="Magento\Newsletter\Model\Subscriber">
        <plugin name="magetrend-ac-subscriber"
                type="Magetrend\AbandonedCart\Plugin\Newsletter\Model\SubscriberPlugin"
                sortOrder="2"/>
    </type>

    <type name="Magento\Newsletter\Model\SubscriptionManager">
        <plugin name="magetrend-ac-subscriber"
                type="Magetrend\AbandonedCart\Plugin\Newsletter\Model\SubscriptionManagerPlugin"
                sortOrder="2"/>
    </type>

    <type name="Magento\Customer\Model\AccountManagement">
        <plugin name="magetrend-ac-isemailavailable"
                type="Magetrend\AbandonedCart\Plugin\Customer\Model\AccountManagementPlugin"
                sortOrder="2"/>
    </type>
</config>